{"mag_autocorr_mean":[-0.1646986301,-0.0676986301,0.3093013699,0.5373013699,-0.2366986301,-0.2496986301,-0.3306986301,0.5903013699,-0.2946986301,-0.1216986301,0.6113013699,-0.0886986301,0.1493013699,0.0113013699,0.1943013699,0.3853013699,-0.0796986301,-0.2186986301,-0.2186986301,0.4413013699,0.2573013699,0.3813013699,0.2103013699,0.1453013699,0.0203013699,0.0063013699,0.1223013699,-0.2176986301,-0.2476986301,-0.1176986301,-0.2246986301,-0.2296986301,-0.2526986301,-0.2086986301,-0.1386986301,-0.0466986301,-0.2356986301,-0.2306986301,-0.3226986301,-0.2576986301,0.5283013699,0.5203013699,0.3823013699,0.1843013699,-0.2456986301,-0.2606986301,-0.2826986301,-0.3396986301,0.1393013699,-0.2386986301,-0.1856986301,-0.2216986301,-0.1396986301,-0.3346986301,0.6353013699,-0.2206986301,-0.1586986301,0.6853013699,-0.2796986301,-0.2636986301,-0.2146986301,0.4573013699,0.2433013699,-0.2216986301,-0.1066986301,-0.1976986301,-0.2266986301,-0.3516986301,0.5493013699,-0.2676986301,-0.2596986301,0.4303013699,0.6933013699],"magerr_auto":[0.025,0.025,0.026,0.026,0.03,0.03,0.024,0.023,0.027,0.027,0.025,0.029,0.022,0.022,0.024,0.024,0.023,0.028,0.028,0.03,0.03,0.026,0.026,0.022,0.023,0.035,0.035,0.024,0.024,0.077,0.077,0.028,0.029,0.027,0.027,0.024,0.023,0.024,0.024,0.023,0.03,0.03,0.034,0.035,0.028,0.028,0.027,0.029,0.063,0.028,0.031,0.033,0.034,0.029,0.025,0.026,0.027,0.026,0.028,0.14,0.139,0.038,0.038,0.027,0.027,0.025,0.025,0.026,0.024,0.08,0.087,0.213,0.213],"obsmjd":[55456.2415872,55456.1978772,55482.1879172,55482.1443972,56911.1598372,56911.1956672,55453.1572072,55453.2015372,56912.1538572,56912.1971972,56913.1520372,56913.3628572,56915.1477872,56915.1919172,56914.1965972,56914.1513172,56916.1459972,56917.1450672,56917.1875672,56920.2029672,56920.2420272,56921.1432572,56921.1853972,56922.1369472,56922.1791172,56943.1556872,56943.1205172,56931.1229172,56931.2113572,55794.1706572,55794.2260372,55478.2221872,55478.2662172,55443.2207572,55443.1720372,56923.1355772,56924.1767872,56925.1943872,56925.2297472,56926.1731172,56927.1342572,56927.1832072,56928.1328472,56928.1778772,56932.1211272,56932.1609872,56940.1233172,56940.1506672,56942.1831872,55723.3874272,55723.3416972,55751.3456872,55751.3018272,55754.2855072,55754.3308372,55780.2385272,55780.1940872,55446.2182572,55446.1742472,55416.1814672,55416.2246872,55425.2866272,55425.3296972,55422.2317672,55422.1878572,55428.2884672,55428.3313972,55439.1621972,55439.2153972,55408.3683772,55408.3663172,55419.2317472,55419.1883872],"period":0.4661477096}