{"filt1":{"color":"#DC143C","obsmjd":[47.87527,47.83156,73.8216,73.77808,1502.79352,1502.82935,44.79089,44.83522,1503.78754,1503.83088,1504.78572,1504.99654,1506.78147,1506.8256,1505.83028,1505.785,1507.77968,1508.77875,1508.82125,1511.83665,1511.87571,1512.77694,1512.81908,1513.77063,1513.8128,1534.78937,1534.7542,1522.7566,1522.84504,385.80434,385.85972,69.85587,69.8999,34.85444,34.80572,1514.76926,1515.81047,1516.82807,1516.86343,1517.8068,1518.76794,1518.81689,1519.76653,1519.81156,1523.75481,1523.79467,1531.757,1531.78435,1533.81687,315.02111,314.97538,342.97937,342.93551,345.91919,345.96452,371.87221,371.82777,37.85194,37.80793,7.81515,7.85837,16.92031,16.96338,13.86545,13.82154,19.92215,19.96508,30.79588,30.84908,0.00206,0.0,10.86543,10.82207],"mag_autocorr_mean":[-0.1646986301,-0.0676986301,0.3093013699,0.5373013699,-0.2366986301,-0.2496986301,-0.3306986301,0.5903013699,-0.2946986301,-0.1216986301,0.6113013699,-0.0886986301,0.1493013699,0.0113013699,0.1943013699,0.3853013699,-0.0796986301,-0.2186986301,-0.2186986301,0.4413013699,0.2573013699,0.3813013699,0.2103013699,0.1453013699,0.0203013699,0.0063013699,0.1223013699,-0.2176986301,-0.2476986301,-0.1176986301,-0.2246986301,-0.2296986301,-0.2526986301,-0.2086986301,-0.1386986301,-0.0466986301,-0.2356986301,-0.2306986301,-0.3226986301,-0.2576986301,0.5283013699,0.5203013699,0.3823013699,0.1843013699,-0.2456986301,-0.2606986301,-0.2826986301,-0.3396986301,0.1393013699,-0.2386986301,-0.1856986301,-0.2216986301,-0.1396986301,-0.3346986301,0.6353013699,-0.2206986301,-0.1586986301,0.6853013699,-0.2796986301,-0.2636986301,-0.2146986301,0.4573013699,0.2433013699,-0.2216986301,-0.1066986301,-0.1976986301,-0.2266986301,-0.3516986301,0.5493013699,-0.2676986301,-0.2596986301,0.4303013699,0.6933013699],"magerr_auto":[0.025,0.025,0.026,0.026,0.03,0.03,0.024,0.023,0.027,0.027,0.025,0.029,0.022,0.022,0.024,0.024,0.023,0.028,0.028,0.03,0.03,0.026,0.026,0.022,0.023,0.035,0.035,0.024,0.024,0.077,0.077,0.028,0.029,0.027,0.027,0.024,0.023,0.024,0.024,0.023,0.03,0.03,0.034,0.035,0.028,0.028,0.027,0.029,0.063,0.028,0.031,0.033,0.034,0.029,0.025,0.026,0.027,0.026,0.028,0.14,0.139,0.038,0.038,0.027,0.027,0.025,0.025,0.026,0.024,0.08,0.087,0.213,0.213],"period":0.4661477096},"filt2":{"color":"#4682b4","obsmjd":[1303.5275499868,436.5570916714,1223.01275712,285.5303769791,351.428996845,160.0383266235,973.2762074146,707.5934140303,251.0038092666,1318.2644791037,157.3883170216,876.7494488627,1028.8565339997,114.9556890714,1067.9289300124,1427.2593556794,164.7756735805,865.6873257813,812.9550437308,1530.0402136795,268.7577610915,964.769143482,194.1402418756,347.7940266055,502.1418049264,855.2314482125,815.4599375358,979.7276983601,1044.3765632499,1454.601810654,1190.6629041623,1178.1012864162,1221.3683618137,211.0104060322,375.3712222422,1329.1127742501,957.4534303224,1315.6644878088,185.1622884498,18.6182753263,304.352791215,392.3214142359,409.3019776077,126.4489878318,324.7385306393,410.9946812023,511.9090030742,126.7596973298,528.6221785369,676.7954659819,538.4765627702,428.292019236,1090.0430387467,172.3831433324,173.908291497,881.6134986651,201.1549435051,124.9383434321,178.151200448,888.8463522708,1093.3348546376,1459.7358006166,1104.4734215973,449.0160471711,167.3358588312,218.9750959115,1229.8172150133,814.8703401806,130.7222765203,1303.5718154328,22.3416772606,110.5924860834,812.3243601299],"mag_autocorr_mean":[0.4992789015,-0.9328358782,-0.4393369038,0.4616722564,-0.9102383377,0.3389041258,0.3191564982,-0.1149844758,-0.9991887067,0.2890343983,0.181351995,-0.4401715692,0.9999640943,0.5593874427,0.8143424308,-0.9957750308,-0.8894729551,0.7731823808,-0.9833018075,-0.260581839,0.417081519,-0.9991982149,0.9339735099,0.7606253297,-0.7850031388,-0.338538442,0.8556533351,0.8354092232,0.6735124464,0.6015476443,0.173271811,-0.9837246518,-0.1940031284,-0.9985975212,0.1772654669,0.1973559757,-0.6970225283,-0.4924293951,-0.3308234761,0.8266314463,-0.9850491195,-0.3485925388,0.6593923203,0.9476688347,-0.8302497265,-0.9954632872,0.8694562843,-0.6113786528,0.2184152305,-0.3074551758,0.4487631966,-0.7374250596,-0.5238632959,0.5494775874,-0.4805108618,-0.8776475277,0.8025675838,-0.8802978635,-0.978682691,-0.9859343039,0.694236305,0.5699450919,-0.1037322154,-0.8436764923,0.8790986025,-0.1556998572,0.9645417874,-0.5278439447,0.1957413832,0.7131432042,-0.9750865377,-0.8447403753,0.617307209],"magerr_auto":[0.025,0.025,0.026,0.026,0.03,0.03,0.024,0.023,0.027,0.027,0.025,0.029,0.022,0.022,0.024,0.024,0.023,0.028,0.028,0.03,0.03,0.026,0.026,0.022,0.023,0.035,0.035,0.024,0.024,0.077,0.077,0.028,0.029,0.027,0.027,0.024,0.023,0.024,0.024,0.023,0.03,0.03,0.034,0.035,0.028,0.028,0.027,0.029,0.063,0.028,0.031,0.033,0.034,0.029,0.025,0.026,0.027,0.026,0.028,0.14,0.139,0.038,0.038,0.027,0.027,0.025,0.025,0.026,0.024,0.08,0.087,0.213,0.213],"period":1.025524961},"filters":["filt1","filt2"]}