{"features":["period","amplitude"],"featuresFormat":["log","log"],"featuresRange":[[0.1,1000],[0.01,3]],"filt1":{"color":"#DC143C","obsmjd":[47.87527,47.83156,73.8216,73.77808,1502.79352,1502.82935,44.79089,44.83522,1503.78754,1503.83088,1504.78572,1504.99654,1506.78147,1506.8256,1505.83028,1505.785,1507.77968,1508.77875,1508.82125,1511.83665,1511.87571,1512.77694,1512.81908,1513.77063,1513.8128,1534.78937,1534.7542,1522.7566,1522.84504,385.80434,385.85972,69.85587,69.8999,34.85444,34.80572,1514.76926,1515.81047,1516.82807,1516.86343,1517.8068,1518.76794,1518.81689,1519.76653,1519.81156,1523.75481,1523.79467,1531.757,1531.78435,1533.81687,315.02111,314.97538,342.97937,342.93551,345.91919,345.96452,371.87221,371.82777,37.85194,37.80793,7.81515,7.85837,16.92031,16.96338,13.86545,13.82154,19.92215,19.96508,30.79588,30.84908,0.00206,0.0,10.86543,10.82207],"mag_autocorr_mean":[-0.1646986301,-0.0676986301,0.3093013699,0.5373013699,-0.2366986301,-0.2496986301,-0.3306986301,0.5903013699,-0.2946986301,-0.1216986301,0.6113013699,-0.0886986301,0.1493013699,0.0113013699,0.1943013699,0.3853013699,-0.0796986301,-0.2186986301,-0.2186986301,0.4413013699,0.2573013699,0.3813013699,0.2103013699,0.1453013699,0.0203013699,0.0063013699,0.1223013699,-0.2176986301,-0.2476986301,-0.1176986301,-0.2246986301,-0.2296986301,-0.2526986301,-0.2086986301,-0.1386986301,-0.0466986301,-0.2356986301,-0.2306986301,-0.3226986301,-0.2576986301,0.5283013699,0.5203013699,0.3823013699,0.1843013699,-0.2456986301,-0.2606986301,-0.2826986301,-0.3396986301,0.1393013699,-0.2386986301,-0.1856986301,-0.2216986301,-0.1396986301,-0.3346986301,0.6353013699,-0.2206986301,-0.1586986301,0.6853013699,-0.2796986301,-0.2636986301,-0.2146986301,0.4573013699,0.2433013699,-0.2216986301,-0.1066986301,-0.1976986301,-0.2266986301,-0.3516986301,0.5493013699,-0.2676986301,-0.2596986301,0.4303013699,0.6933013699],"magerr_auto":[0.025,0.025,0.026,0.026,0.03,0.03,0.024,0.023,0.027,0.027,0.025,0.029,0.022,0.022,0.024,0.024,0.023,0.028,0.028,0.03,0.03,0.026,0.026,0.022,0.023,0.035,0.035,0.024,0.024,0.077,0.077,0.028,0.029,0.027,0.027,0.024,0.023,0.024,0.024,0.023,0.03,0.03,0.034,0.035,0.028,0.028,0.027,0.029,0.063,0.028,0.031,0.033,0.034,0.029,0.025,0.026,0.027,0.026,0.028,0.14,0.139,0.038,0.038,0.027,0.027,0.025,0.025,0.026,0.024,0.08,0.087,0.213,0.213],"period":0.4661477096,"amplitude":1.045},"filt2":{"color":"#4682b4","obsmjd":[167.7181315508,516.5488959548,880.7540689348,28.1675686512,1113.2256672096,546.7005760838,89.1496701056,1102.9815595038,1099.2960812625,303.5256911853,382.1303718351,239.1208614867,808.5203920919,395.3463503388,1199.8777188313,980.2820079697,842.6065095096,26.2490942949,603.4161460886,737.8140652102,578.914915666,709.9027016941,600.3342488353,1318.3201264462,158.4489780948,143.9821039262,192.5775896003,1052.648255035,691.0064557884,974.1871228203,1241.1569431544,1202.0768201743,1261.554793337,877.4887442763,590.3497567724,743.7698347625,476.2055768354,634.625605491,1180.6319521544,472.1198832075,426.0350787873,89.8723992954,888.6299024621,577.1785985345,1179.0412253936,640.1092462343,626.4613859422,566.2480099049,310.5217049802,664.1217440605,965.3597324853,695.6384392207,952.0133674973,87.1938887709,1195.5039399852,935.8138647897,786.0588687575,1438.8743113453,1496.2440758079,787.8430944927,531.1572069809,1479.3597033768,808.73738942,576.364896787,1195.6414347507,1177.2966399927,798.4363468642,16.4280044944,380.342031155,748.5803996362,564.4020120319,617.1214906869,382.4535914564],"mag_autocorr_mean":[-0.271049522,-0.9347155408,-0.8689262428,0.2090119253,-0.1120198009,0.5536783247,-0.4214212233,-0.1795407753,-0.3972480776,-0.1809469667,-0.6812389335,0.8739537201,0.6049345835,-0.0396781848,0.0827057347,-0.6700870097,-0.7473012344,-0.5660442197,0.6012878556,0.3082476722,-0.0372127863,0.9946108824,0.6270193007,-0.0477039393,-0.0329048872,0.5956905295,-0.9767320586,0.3197256179,-0.9353451911,-0.3684585853,0.9955756667,0.8359610147,0.8275449439,-0.8028927054,-0.8311407752,0.9988416397,0.7978512673,-0.8763247757,0.9997486995,0.7333285285,0.4188693306,-0.7522114806,-0.0766552082,-0.9231005826,-0.9415128284,0.8970547252,-0.7333447627,0.8245758904,-0.9638454681,-0.5463097271,0.8693678176,0.8931657986,0.9098856216,0.1481323821,-0.9999403119,-0.1364327831,0.036837356,0.3752886155,0.019345349,0.9949212097,-0.3862325818,-0.2423118146,-0.6286493963,0.1214311013,-0.6737852518,-0.0368458677,-0.3887284757,0.1198279868,-0.7051057284,-0.3180094205,0.7930671085,-0.9973676355,-0.4002936849],"magerr_auto":[0.025,0.025,0.026,0.026,0.03,0.03,0.024,0.023,0.027,0.027,0.025,0.029,0.022,0.022,0.024,0.024,0.023,0.028,0.028,0.03,0.03,0.026,0.026,0.022,0.023,0.035,0.035,0.024,0.024,0.077,0.077,0.028,0.029,0.027,0.027,0.024,0.023,0.024,0.024,0.023,0.03,0.03,0.034,0.035,0.028,0.028,0.027,0.029,0.063,0.028,0.031,0.033,0.034,0.029,0.025,0.026,0.027,0.026,0.028,0.14,0.139,0.038,0.038,0.027,0.027,0.025,0.025,0.026,0.024,0.08,0.087,0.213,0.213],"period":1.025524961,"amplitude":1.9996890113},"filters":["filt1","filt2"],"mnames":["whole","half","twice","triple"],"multiples":[1,0.5,2.0,3.0]}