{"filt1":{"color":"#DC143C","obsmjd":[47.87527,47.83156,73.8216,73.77808,1502.79352,1502.82935,44.79089,44.83522,1503.78754,1503.83088,1504.78572,1504.99654,1506.78147,1506.8256,1505.83028,1505.785,1507.77968,1508.77875,1508.82125,1511.83665,1511.87571,1512.77694,1512.81908,1513.77063,1513.8128,1534.78937,1534.7542,1522.7566,1522.84504,385.80434,385.85972,69.85587,69.8999,34.85444,34.80572,1514.76926,1515.81047,1516.82807,1516.86343,1517.8068,1518.76794,1518.81689,1519.76653,1519.81156,1523.75481,1523.79467,1531.757,1531.78435,1533.81687,315.02111,314.97538,342.97937,342.93551,345.91919,345.96452,371.87221,371.82777,37.85194,37.80793,7.81515,7.85837,16.92031,16.96338,13.86545,13.82154,19.92215,19.96508,30.79588,30.84908,0.00206,0.0,10.86543,10.82207],"mag_autocorr_mean":[-0.1646986301,-0.0676986301,0.3093013699,0.5373013699,-0.2366986301,-0.2496986301,-0.3306986301,0.5903013699,-0.2946986301,-0.1216986301,0.6113013699,-0.0886986301,0.1493013699,0.0113013699,0.1943013699,0.3853013699,-0.0796986301,-0.2186986301,-0.2186986301,0.4413013699,0.2573013699,0.3813013699,0.2103013699,0.1453013699,0.0203013699,0.0063013699,0.1223013699,-0.2176986301,-0.2476986301,-0.1176986301,-0.2246986301,-0.2296986301,-0.2526986301,-0.2086986301,-0.1386986301,-0.0466986301,-0.2356986301,-0.2306986301,-0.3226986301,-0.2576986301,0.5283013699,0.5203013699,0.3823013699,0.1843013699,-0.2456986301,-0.2606986301,-0.2826986301,-0.3396986301,0.1393013699,-0.2386986301,-0.1856986301,-0.2216986301,-0.1396986301,-0.3346986301,0.6353013699,-0.2206986301,-0.1586986301,0.6853013699,-0.2796986301,-0.2636986301,-0.2146986301,0.4573013699,0.2433013699,-0.2216986301,-0.1066986301,-0.1976986301,-0.2266986301,-0.3516986301,0.5493013699,-0.2676986301,-0.2596986301,0.4303013699,0.6933013699],"magerr_auto":[0.025,0.025,0.026,0.026,0.03,0.03,0.024,0.023,0.027,0.027,0.025,0.029,0.022,0.022,0.024,0.024,0.023,0.028,0.028,0.03,0.03,0.026,0.026,0.022,0.023,0.035,0.035,0.024,0.024,0.077,0.077,0.028,0.029,0.027,0.027,0.024,0.023,0.024,0.024,0.023,0.03,0.03,0.034,0.035,0.028,0.028,0.027,0.029,0.063,0.028,0.031,0.033,0.034,0.029,0.025,0.026,0.027,0.026,0.028,0.14,0.139,0.038,0.038,0.027,0.027,0.025,0.025,0.026,0.024,0.08,0.087,0.213,0.213],"period":0.4661477096,"amplitude":1.045},"filt2":{"color":"#4682b4","obsmjd":[1146.9322423049,1119.960443162,748.8439676307,375.4225086794,169.1355396938,955.1267109264,1372.5834131021,856.9356399172,163.6687831155,346.4979329628,178.9128699476,1252.0965893956,222.9901150669,918.8304470033,1463.6522769412,53.9983594562,396.212431376,610.4944395306,675.9064896576,65.1965384529,1198.8221401027,973.0498705868,1009.6208697354,918.2265003807,895.8525694529,118.1918442988,944.4481047028,185.5832201918,131.3504875442,208.5708784065,427.4472607481,162.6501966182,672.3681564568,1123.5779524691,931.6539124506,1056.9095527983,674.9350388477,1320.9797773642,994.7164943746,696.2079156512,857.8092205931,429.9140127418,280.4111963161,194.1843730201,441.6343801342,628.9540364574,1401.9090815138,66.4618356179,1222.2203571624,69.3951448906,1361.761536008,930.3942905077,353.8778153876,226.7903367999,173.116216845,475.1774091984,72.9823440641,1108.1786999118,19.5514449806,1257.1406414041,299.7436756823,1412.0971066945,550.3508652379,1042.8001573356,1127.8404377146,161.0087011883,880.5317053204,278.4943123241,779.5849685988,287.8810464419,342.3786384863,1061.4369647989,1134.5491212045],"mag_autocorr_mean":[0.6589703905,0.509126408,0.9611666285,0.4727676029,-0.4494235667,0.7942272658,0.480170193,-0.6218469428,-0.5627265746,-0.7127731769,0.249964067,-0.4124358582,0.368309428,-0.242139087,0.9850864335,-0.8248100543,0.8058989539,0.9521294354,0.5004240903,-0.4473675042,-0.1011597467,-0.8732734809,0.0517751227,0.7196074661,-0.3393842668,0.9999998393,-0.3615809411,-0.2235473598,0.4884535501,0.6862788027,-0.9337757932,-0.5973486738,-0.7423565795,-0.6493834007,0.2158780384,-0.6051336729,0.7548267819,0.5931013291,-0.2587456529,-0.6866428627,0.2569193622,0.9739628459,0.4151829552,0.8045949064,-0.7794607251,0.9518525474,0.1006751185,-0.9351693431,-0.9516066464,-0.8699476688,-0.7385174081,0.996716452,0.4253196186,0.7924748784,-0.9356344971,0.8075071652,0.8634128902,-0.5699358218,0.3960882663,-0.8058798734,0.9783741901,-0.3060342398,-0.8193144768,-0.8262933553,-0.9929721686,0.007856373,-0.6640232752,-0.3837592175,0.9084554246,-0.9769834158,-0.7825755388,0.1138955097,0.928413334],"magerr_auto":[0.025,0.025,0.026,0.026,0.03,0.03,0.024,0.023,0.027,0.027,0.025,0.029,0.022,0.022,0.024,0.024,0.023,0.028,0.028,0.03,0.03,0.026,0.026,0.022,0.023,0.035,0.035,0.024,0.024,0.077,0.077,0.028,0.029,0.027,0.027,0.024,0.023,0.024,0.024,0.023,0.03,0.03,0.034,0.035,0.028,0.028,0.027,0.029,0.063,0.028,0.031,0.033,0.034,0.029,0.025,0.026,0.027,0.026,0.028,0.14,0.139,0.038,0.038,0.027,0.027,0.025,0.025,0.026,0.024,0.08,0.087,0.213,0.213],"period":1.025524961,"amplitude":1.9929720078},"filters":["filt1","filt2"],"mnames":["whole","half","twice","triple"],"multiples":[1,0.5,2.0,3.0]}