{"filt1":{"color":"#DC143C","obsmjd":[47.87527,47.83156,73.8216,73.77808,1502.79352,1502.82935,44.79089,44.83522,1503.78754,1503.83088,1504.78572,1504.99654,1506.78147,1506.8256,1505.83028,1505.785,1507.77968,1508.77875,1508.82125,1511.83665,1511.87571,1512.77694,1512.81908,1513.77063,1513.8128,1534.78937,1534.7542,1522.7566,1522.84504,385.80434,385.85972,69.85587,69.8999,34.85444,34.80572,1514.76926,1515.81047,1516.82807,1516.86343,1517.8068,1518.76794,1518.81689,1519.76653,1519.81156,1523.75481,1523.79467,1531.757,1531.78435,1533.81687,315.02111,314.97538,342.97937,342.93551,345.91919,345.96452,371.87221,371.82777,37.85194,37.80793,7.81515,7.85837,16.92031,16.96338,13.86545,13.82154,19.92215,19.96508,30.79588,30.84908,0.00206,0.0,10.86543,10.82207],"mag_autocorr_mean":[-0.1646986301,-0.0676986301,0.3093013699,0.5373013699,-0.2366986301,-0.2496986301,-0.3306986301,0.5903013699,-0.2946986301,-0.1216986301,0.6113013699,-0.0886986301,0.1493013699,0.0113013699,0.1943013699,0.3853013699,-0.0796986301,-0.2186986301,-0.2186986301,0.4413013699,0.2573013699,0.3813013699,0.2103013699,0.1453013699,0.0203013699,0.0063013699,0.1223013699,-0.2176986301,-0.2476986301,-0.1176986301,-0.2246986301,-0.2296986301,-0.2526986301,-0.2086986301,-0.1386986301,-0.0466986301,-0.2356986301,-0.2306986301,-0.3226986301,-0.2576986301,0.5283013699,0.5203013699,0.3823013699,0.1843013699,-0.2456986301,-0.2606986301,-0.2826986301,-0.3396986301,0.1393013699,-0.2386986301,-0.1856986301,-0.2216986301,-0.1396986301,-0.3346986301,0.6353013699,-0.2206986301,-0.1586986301,0.6853013699,-0.2796986301,-0.2636986301,-0.2146986301,0.4573013699,0.2433013699,-0.2216986301,-0.1066986301,-0.1976986301,-0.2266986301,-0.3516986301,0.5493013699,-0.2676986301,-0.2596986301,0.4303013699,0.6933013699],"magerr_auto":[0.025,0.025,0.026,0.026,0.03,0.03,0.024,0.023,0.027,0.027,0.025,0.029,0.022,0.022,0.024,0.024,0.023,0.028,0.028,0.03,0.03,0.026,0.026,0.022,0.023,0.035,0.035,0.024,0.024,0.077,0.077,0.028,0.029,0.027,0.027,0.024,0.023,0.024,0.024,0.023,0.03,0.03,0.034,0.035,0.028,0.028,0.027,0.029,0.063,0.028,0.031,0.033,0.034,0.029,0.025,0.026,0.027,0.026,0.028,0.14,0.139,0.038,0.038,0.027,0.027,0.025,0.025,0.026,0.024,0.08,0.087,0.213,0.213],"period":0.4661477096},"filt2":{"color":"#4682b4","obsmjd":[133.9466742845,1443.3278533356,912.714901841,536.8788964379,1020.5706030843,1175.6694032596,298.5415517982,1417.4880518402,435.5009566174,1266.0477019148,446.7631616179,618.1225347853,1337.6196477238,1025.080280404,1156.2268885239,1389.1271404251,1389.5738880681,289.1770795188,24.5126166191,339.2847336615,959.4508738283,876.7633212889,1321.4156497171,865.5588102632,435.9008781859,849.3297399622,1125.4561221862,945.6043587486,693.5481706267,389.1683114959,443.1803809364,1194.1108144937,1243.9289504162,1317.3702967812,882.1349110958,583.7501191616,739.8343091126,1056.576040641,1162.6259331091,386.4769472489,356.1374262471,218.9289064191,759.3074884334,108.3500870807,939.4202093047,1003.9054196559,1322.6117012807,281.0637851343,798.6414675033,218.8108254866,345.6609776034,1223.4420857754,1154.1795703138,750.0603561996,569.274222394,524.2204060181,844.9794439588,1220.5884693632,505.3685620848,384.3662969336,1028.1971684899,64.3128114539,596.1257898072,867.0272599355,75.9298912529,149.4949356895,606.6487793855,1262.6155132514,520.8692829174,745.5953207797,799.9949417091,282.2145627185,1101.9316973702],"mag_autocorr_mean":[-0.6508228121,0.5676669324,-0.0141736185,-0.1014037453,0.87312259,0.5495526097,0.6420407079,0.9641672218,-0.8493028427,-0.2255760534,-0.7838806095,-0.9970049593,0.8859373337,-0.4051326892,0.3161681126,-0.322413846,-0.0761075706,-0.1280619172,-0.5749739798,-0.8441454757,-0.4284719446,-0.3623576107,-0.1630833246,0.0963057472,0.3177065082,0.9302774608,0.3451784684,0.4177684936,0.9745312079,0.1125627007,0.8081844267,0.6383434129,-0.1997729588,-0.4894787633,0.9018050088,0.9831948426,0.4812610471,0.9843114664,-0.9264465525,-0.779762438,0.9893129103,0.1263194507,0.543295888,-0.8209971927,0.2387311636,-0.4896540451,-0.9351198773,0.4155468748,-0.9963737193,0.7513569344,0.3540367757,-0.0562921137,0.2943967429,0.6295786252,0.6138211907,0.8844752782,-0.3197631868,0.9661075145,-0.9684053323,-0.9519207458,-0.6163623515,-0.9717621367,0.9709961133,0.3253924483,0.248827203,-0.9885964325,-0.3060361715,0.9285000267,-0.5619435338,0.2347375757,0.5000621192,0.9305608259,-0.0314054917],"magerr_auto":[0.025,0.025,0.026,0.026,0.03,0.03,0.024,0.023,0.027,0.027,0.025,0.029,0.022,0.022,0.024,0.024,0.023,0.028,0.028,0.03,0.03,0.026,0.026,0.022,0.023,0.035,0.035,0.024,0.024,0.077,0.077,0.028,0.029,0.027,0.027,0.024,0.023,0.024,0.024,0.023,0.03,0.03,0.034,0.035,0.028,0.028,0.027,0.029,0.063,0.028,0.031,0.033,0.034,0.029,0.025,0.026,0.027,0.026,0.028,0.14,0.139,0.038,0.038,0.027,0.027,0.025,0.025,0.026,0.024,0.08,0.087,0.213,0.213],"period":1.025524961},"filters":["filt1","filt2"],"mnames":["whole period","half the period","twice the period","triple the period"],"multiples":[1,0.5,2.0,3.0]}