{"filt1":{"color":"#DC143C","obsmjd":[47.87527,47.83156,73.8216,73.77808,1502.79352,1502.82935,44.79089,44.83522,1503.78754,1503.83088,1504.78572,1504.99654,1506.78147,1506.8256,1505.83028,1505.785,1507.77968,1508.77875,1508.82125,1511.83665,1511.87571,1512.77694,1512.81908,1513.77063,1513.8128,1534.78937,1534.7542,1522.7566,1522.84504,385.80434,385.85972,69.85587,69.8999,34.85444,34.80572,1514.76926,1515.81047,1516.82807,1516.86343,1517.8068,1518.76794,1518.81689,1519.76653,1519.81156,1523.75481,1523.79467,1531.757,1531.78435,1533.81687,315.02111,314.97538,342.97937,342.93551,345.91919,345.96452,371.87221,371.82777,37.85194,37.80793,7.81515,7.85837,16.92031,16.96338,13.86545,13.82154,19.92215,19.96508,30.79588,30.84908,0.00206,0.0,10.86543,10.82207],"mag_autocorr_mean":[-0.1646986301,-0.0676986301,0.3093013699,0.5373013699,-0.2366986301,-0.2496986301,-0.3306986301,0.5903013699,-0.2946986301,-0.1216986301,0.6113013699,-0.0886986301,0.1493013699,0.0113013699,0.1943013699,0.3853013699,-0.0796986301,-0.2186986301,-0.2186986301,0.4413013699,0.2573013699,0.3813013699,0.2103013699,0.1453013699,0.0203013699,0.0063013699,0.1223013699,-0.2176986301,-0.2476986301,-0.1176986301,-0.2246986301,-0.2296986301,-0.2526986301,-0.2086986301,-0.1386986301,-0.0466986301,-0.2356986301,-0.2306986301,-0.3226986301,-0.2576986301,0.5283013699,0.5203013699,0.3823013699,0.1843013699,-0.2456986301,-0.2606986301,-0.2826986301,-0.3396986301,0.1393013699,-0.2386986301,-0.1856986301,-0.2216986301,-0.1396986301,-0.3346986301,0.6353013699,-0.2206986301,-0.1586986301,0.6853013699,-0.2796986301,-0.2636986301,-0.2146986301,0.4573013699,0.2433013699,-0.2216986301,-0.1066986301,-0.1976986301,-0.2266986301,-0.3516986301,0.5493013699,-0.2676986301,-0.2596986301,0.4303013699,0.6933013699],"magerr_auto":[0.025,0.025,0.026,0.026,0.03,0.03,0.024,0.023,0.027,0.027,0.025,0.029,0.022,0.022,0.024,0.024,0.023,0.028,0.028,0.03,0.03,0.026,0.026,0.022,0.023,0.035,0.035,0.024,0.024,0.077,0.077,0.028,0.029,0.027,0.027,0.024,0.023,0.024,0.024,0.023,0.03,0.03,0.034,0.035,0.028,0.028,0.027,0.029,0.063,0.028,0.031,0.033,0.034,0.029,0.025,0.026,0.027,0.026,0.028,0.14,0.139,0.038,0.038,0.027,0.027,0.025,0.025,0.026,0.024,0.08,0.087,0.213,0.213],"period":0.4661477096,"amplitude":1.045},"filt2":{"color":"#4682b4","obsmjd":[377.3628937463,918.3229985442,600.3420681546,72.5339073718,785.8225146602,1319.8297366434,915.7936519586,874.3903234068,655.3855442467,711.2144779595,1263.7435557547,1216.5570801914,1361.2610790209,1115.4890750303,926.5235516031,563.8204386224,239.758623299,1195.8149653777,1177.5269752543,1345.1468600783,1036.9477307707,1117.0331395922,287.7432261287,350.2231878917,492.0692238427,109.4631062775,1399.339219662,258.9212356215,1370.4784245133,1410.0901615904,692.057427474,1501.9432749154,715.9217130235,243.9242580377,1080.1947606549,587.8295559318,1465.6485518491,1348.441126249,1512.9468075043,1132.0983927933,858.2855084817,9.5099442953,1310.8216666568,315.7348390375,1103.551876851,510.3875508971,863.55324736,680.4549193647,153.3357465175,742.351825955,1076.3145593585,641.6001046905,357.3627709531,599.0162919103,536.5431459858,366.8926518563,1070.9256750718,1316.4684934197,1010.0714514502,882.7080225302,138.0563252222,187.2106844797,1216.7701491191,675.1792897757,713.0621030468,67.0178281223,517.8446092215,1317.6835727011,915.8605075208,871.9940879923,1496.6054045058,723.2511143702,283.6970188567],"mag_autocorr_mean":[-0.1845288088,0.2104272759,0.5889941293,-0.9909431114,0.9963165867,-0.1276286045,-0.0008468683,-0.716160911,0.444025911,-0.0790603252,0.9694884885,0.9852215564,0.6856348776,-0.9876277078,0.232214853,-0.9728907837,-0.9668183924,0.3182355944,0.9807690562,-0.8658810399,0.7643134504,0.9925585225,-0.4894264146,-0.0392853793,-0.8999775938,-0.9974391529,-0.0637389668,0.1454048687,0.7388216282,-0.0407919274,-0.8690736851,-0.3706184182,0.6012720548,-0.7975376821,0.9318723234,0.948464741,0.8734679048,-0.6895974124,0.96844928,-0.4770336735,-0.4647087874,0.9893531891,0.9425074855,-0.7012704539,0.5082458471,-0.9157002206,0.3664075074,-0.1168020215,-0.1207995005,-0.7073458677,-0.1593061065,-0.7328294797,0.1988764013,0.6227087292,0.9269107325,-0.9976896093,0.9915489593,-0.9549553518,-0.419384616,-0.9970275677,-0.6852389355,-0.3154361076,0.093097226,0.7101606139,0.9196546262,0.8098375744,-0.2751496827,-0.6523812486,0.3974752085,0.9678647228,0.7885562779,0.999997508,-0.7538318237],"magerr_auto":[0.025,0.025,0.026,0.026,0.03,0.03,0.024,0.023,0.027,0.027,0.025,0.029,0.022,0.022,0.024,0.024,0.023,0.028,0.028,0.03,0.03,0.026,0.026,0.022,0.023,0.035,0.035,0.024,0.024,0.077,0.077,0.028,0.029,0.027,0.027,0.024,0.023,0.024,0.024,0.023,0.03,0.03,0.034,0.035,0.028,0.028,0.027,0.029,0.063,0.028,0.031,0.033,0.034,0.029,0.025,0.026,0.027,0.026,0.028,0.14,0.139,0.038,0.038,0.027,0.027,0.025,0.025,0.026,0.024,0.08,0.087,0.213,0.213],"period":1.025524961,"amplitude":1.9976871172},"filters":["filt1","filt2"],"mnames":["whole period","half the period","twice the period","triple the period"],"multiples":[1,0.5,2.0,3.0]}