{"filt1":{"color":"#DC143C","obsmjd":[47.87527,47.83156,73.8216,73.77808,1502.79352,1502.82935,44.79089,44.83522,1503.78754,1503.83088,1504.78572,1504.99654,1506.78147,1506.8256,1505.83028,1505.785,1507.77968,1508.77875,1508.82125,1511.83665,1511.87571,1512.77694,1512.81908,1513.77063,1513.8128,1534.78937,1534.7542,1522.7566,1522.84504,385.80434,385.85972,69.85587,69.8999,34.85444,34.80572,1514.76926,1515.81047,1516.82807,1516.86343,1517.8068,1518.76794,1518.81689,1519.76653,1519.81156,1523.75481,1523.79467,1531.757,1531.78435,1533.81687,315.02111,314.97538,342.97937,342.93551,345.91919,345.96452,371.87221,371.82777,37.85194,37.80793,7.81515,7.85837,16.92031,16.96338,13.86545,13.82154,19.92215,19.96508,30.79588,30.84908,0.00206,0.0,10.86543,10.82207],"mag_autocorr_mean":[-0.1646986301,-0.0676986301,0.3093013699,0.5373013699,-0.2366986301,-0.2496986301,-0.3306986301,0.5903013699,-0.2946986301,-0.1216986301,0.6113013699,-0.0886986301,0.1493013699,0.0113013699,0.1943013699,0.3853013699,-0.0796986301,-0.2186986301,-0.2186986301,0.4413013699,0.2573013699,0.3813013699,0.2103013699,0.1453013699,0.0203013699,0.0063013699,0.1223013699,-0.2176986301,-0.2476986301,-0.1176986301,-0.2246986301,-0.2296986301,-0.2526986301,-0.2086986301,-0.1386986301,-0.0466986301,-0.2356986301,-0.2306986301,-0.3226986301,-0.2576986301,0.5283013699,0.5203013699,0.3823013699,0.1843013699,-0.2456986301,-0.2606986301,-0.2826986301,-0.3396986301,0.1393013699,-0.2386986301,-0.1856986301,-0.2216986301,-0.1396986301,-0.3346986301,0.6353013699,-0.2206986301,-0.1586986301,0.6853013699,-0.2796986301,-0.2636986301,-0.2146986301,0.4573013699,0.2433013699,-0.2216986301,-0.1066986301,-0.1976986301,-0.2266986301,-0.3516986301,0.5493013699,-0.2676986301,-0.2596986301,0.4303013699,0.6933013699],"magerr_auto":[0.025,0.025,0.026,0.026,0.03,0.03,0.024,0.023,0.027,0.027,0.025,0.029,0.022,0.022,0.024,0.024,0.023,0.028,0.028,0.03,0.03,0.026,0.026,0.022,0.023,0.035,0.035,0.024,0.024,0.077,0.077,0.028,0.029,0.027,0.027,0.024,0.023,0.024,0.024,0.023,0.03,0.03,0.034,0.035,0.028,0.028,0.027,0.029,0.063,0.028,0.031,0.033,0.034,0.029,0.025,0.026,0.027,0.026,0.028,0.14,0.139,0.038,0.038,0.027,0.027,0.025,0.025,0.026,0.024,0.08,0.087,0.213,0.213],"period":0.4661477096},"filt2":{"color":"#4682b4","obsmjd":[654.4104085808,602.7054876437,66.8810512802,645.4194765429,1048.6726802391,1101.7834027527,838.4968948878,283.8129975952,1294.218682639,1237.1414158847,1510.7534398065,562.92593035,266.4179237904,294.6662294727,636.3581514429,351.5866538177,113.7411950079,1068.9232246388,654.8855807896,1281.9118543942,560.1062577607,1519.0370238962,330.473911752,1529.7117897165,111.1004580903,775.4935701595,459.1910975442,1145.9128260693,594.571848894,903.8625740037,1364.229289634,1354.8825458453,1339.378962213,601.7473473253,455.4439735255,193.4742583143,1398.5560481106,918.7602873697,173.5736699629,1203.8447755981,84.299710766,1159.9198652935,458.0018748876,1240.4631758118,220.4417098445,298.5364806434,743.9141228498,424.6022168787,180.005614676,13.4765153526,13.4601030643,1383.9278180641,341.7044754934,920.1192427779,48.7644778112,292.6703061946,9.9178725413,1235.1239751928,752.2887314733,1424.6703938929,1517.4066102896,530.0007587093,890.2971166405,243.0043095351,941.1291534868,371.1382179271,685.0823741396,965.8362431881,252.4840890664,488.6753525872,690.7563504703,858.9632662885,290.8986398691],"mag_autocorr_mean":[-0.399474872,0.157721827,-0.9971804375,0.9674318296,-0.8800974053,-0.9577390186,0.6388877257,0.4601966772,0.9631019022,-0.0982729795,0.2092980302,-0.9378890155,-0.9952238419,0.3988656538,-0.4334913034,0.6816202612,0.007776456,-0.3084520558,0.3430138488,0.0380899429,-0.9799205701,0.8031028414,0.1664571354,-0.947956914,0.872424754,-0.9274821913,-0.2376540225,0.7315359133,-0.9999954955,-0.0145917076,0.9480924284,0.986698703,-0.7959428457,0.3264679254,-0.1187470667,-0.1541140142,0.6896592024,0.1133039363,0.9016714827,0.9923911776,0.4725202045,0.8265428202,0.9968660633,-0.2929880267,0.3060799297,0.9780763482,-0.3786520851,0.3831694035,0.4699887308,0.2777931421,0.3821357407,0.4225501735,-0.1223805639,-0.3706181088,0.939119721,-0.4571896632,-0.7629388656,-0.9037969538,-0.4763591072,0.7371967711,-0.6017959291,0.061876372,-0.2987041385,-0.8149509858,0.1548680562,0.5399999731,-0.863916152,-0.1464659808,-0.9052751563,0.8563335304,-0.4815850502,0.8362728472,0.1508520124],"magerr_auto":[0.025,0.025,0.026,0.026,0.03,0.03,0.024,0.023,0.027,0.027,0.025,0.029,0.022,0.022,0.024,0.024,0.023,0.028,0.028,0.03,0.03,0.026,0.026,0.022,0.023,0.035,0.035,0.024,0.024,0.077,0.077,0.028,0.029,0.027,0.027,0.024,0.023,0.024,0.024,0.023,0.03,0.03,0.034,0.035,0.028,0.028,0.027,0.029,0.063,0.028,0.031,0.033,0.034,0.029,0.025,0.026,0.027,0.026,0.028,0.14,0.139,0.038,0.038,0.027,0.027,0.025,0.025,0.026,0.024,0.08,0.087,0.213,0.213],"period":0.9322954191},"filters":["filt1","filt2"]}