{"CMD":{"color":2,"mag":5,"magErrPercentiles":[10,5,3],"colorErrPercentiles":[15,10,3],"percentileColors":["#470713","#930d28","#dc143c"]},"features":["period","amplitude"],"featuresFormat":["log","log"],"featuresRange":[[0.1,1000],[0.01,3]],"filt1":{"color":"#dc143c","obsmjd":[47.87527,47.83156,73.8216,73.77808,1502.79352,1502.82935,44.79089,44.83522,1503.78754,1503.83088,1504.78572,1504.99654,1506.78147,1506.8256,1505.83028,1505.785,1507.77968,1508.77875,1508.82125,1511.83665,1511.87571,1512.77694,1512.81908,1513.77063,1513.8128,1534.78937,1534.7542,1522.7566,1522.84504,385.80434,385.85972,69.85587,69.8999,34.85444,34.80572,1514.76926,1515.81047,1516.82807,1516.86343,1517.8068,1518.76794,1518.81689,1519.76653,1519.81156,1523.75481,1523.79467,1531.757,1531.78435,1533.81687,315.02111,314.97538,342.97937,342.93551,345.91919,345.96452,371.87221,371.82777,37.85194,37.80793,7.81515,7.85837,16.92031,16.96338,13.86545,13.82154,19.92215,19.96508,30.79588,30.84908,0.00206,0.0,10.86543,10.82207],"mag_autocorr_mean":[-0.1646986301,-0.0676986301,0.3093013699,0.5373013699,-0.2366986301,-0.2496986301,-0.3306986301,0.5903013699,-0.2946986301,-0.1216986301,0.6113013699,-0.0886986301,0.1493013699,0.0113013699,0.1943013699,0.3853013699,-0.0796986301,-0.2186986301,-0.2186986301,0.4413013699,0.2573013699,0.3813013699,0.2103013699,0.1453013699,0.0203013699,0.0063013699,0.1223013699,-0.2176986301,-0.2476986301,-0.1176986301,-0.2246986301,-0.2296986301,-0.2526986301,-0.2086986301,-0.1386986301,-0.0466986301,-0.2356986301,-0.2306986301,-0.3226986301,-0.2576986301,0.5283013699,0.5203013699,0.3823013699,0.1843013699,-0.2456986301,-0.2606986301,-0.2826986301,-0.3396986301,0.1393013699,-0.2386986301,-0.1856986301,-0.2216986301,-0.1396986301,-0.3346986301,0.6353013699,-0.2206986301,-0.1586986301,0.6853013699,-0.2796986301,-0.2636986301,-0.2146986301,0.4573013699,0.2433013699,-0.2216986301,-0.1066986301,-0.1976986301,-0.2266986301,-0.3516986301,0.5493013699,-0.2676986301,-0.2596986301,0.4303013699,0.6933013699],"magerr_auto":[0.025,0.025,0.026,0.026,0.03,0.03,0.024,0.023,0.027,0.027,0.025,0.029,0.022,0.022,0.024,0.024,0.023,0.028,0.028,0.03,0.03,0.026,0.026,0.022,0.023,0.035,0.035,0.024,0.024,0.077,0.077,0.028,0.029,0.027,0.027,0.024,0.023,0.024,0.024,0.023,0.03,0.03,0.034,0.035,0.028,0.028,0.027,0.029,0.063,0.028,0.031,0.033,0.034,0.029,0.025,0.026,0.027,0.026,0.028,0.14,0.139,0.038,0.038,0.027,0.027,0.025,0.025,0.026,0.024,0.08,0.087,0.213,0.213],"period":0.4661477096,"amplitude":1.045},"filt2":{"color":"#4682b4","obsmjd":[938.9953910706,642.2846108432,13.7953221476,787.061565882,1214.4721533426,311.4564626169,1334.7261089006,455.1995101928,916.817450737,1324.2397820739,1130.4985199065,1426.2935320259,1076.8092703294,955.751449609,853.7356900933,767.4076551501,1490.2694984613,1345.3866048513,590.8853832157,1201.7379315809,716.2443027759,1081.6447883693,1050.3189461051,1149.6613057342,1089.6292946759,284.6405456562,1239.9838455513,416.0623240829,1224.2132106924,3.5938927871,768.191031902,971.0923541706,981.9944264916,168.1788271911,1021.7799642061,632.5980815558,916.3987375516,499.4633910588,276.6547659068,1137.6311850796,655.2546777905,1294.5133507337,628.2399696439,804.3430717093,995.2533150986,1077.7030279868,1173.8773422022,317.4348257097,41.3761087447,633.6339208446,919.9255726583,318.2038849035,666.6733304005,1036.2855213686,516.7043347222,862.9288005776,741.4610448176,444.2690813682,1218.4988595725,340.2763755481,62.4095865402,1361.8199190273,1220.3311902029,1057.8863264253,1250.277319331,1477.166984861,1414.683607254,503.3390948542,751.772911776,1263.0227065176,917.0671687705,676.8267007582,134.8864526593],"mag_autocorr_mean":[-0.7031910796,0.9541725677,0.2972734064,0.1757890659,0.9993726527,-0.9592691063,-0.0329081144,-0.7300340916,-0.0114225939,0.9823899443,0.7672858569,-0.9627444204,0.049369695,-0.2296120845,0.0846930011,0.9362313233,0.8972158989,-0.5857585986,0.9006395528,-0.8849658568,0.4969304305,-0.9856703587,0.8962829739,0.288835949,-0.055257639,-0.3442953863,0.6894652246,-0.9631799767,-0.9990240682,-0.027906541,0.4315877712,-0.4695843699,-0.3264450502,-0.0445051564,0.8155587486,-0.7980426782,-0.5352454391,0.1992191678,-0.9929388978,0.9153955575,-0.3350946079,0.9631143034,-0.6044044386,0.8959408188,0.1140745169,-0.6874137584,-0.8441319853,-0.211901898,0.8225628761,-0.7583944233,0.1808587404,0.9774005508,0.4820958919,0.0456394069,-0.8314946362,0.3042225667,0.0398014675,0.9706998016,0.8788523227,-0.9365180758,-0.7853809091,-0.4557082749,-0.2634510079,-0.3440662502,0.8387275373,0.5836585387,0.1711717267,-0.9270707342,0.3771296094,-0.5171788365,0.9986354375,-0.1208521827,-0.1822905969],"magerr_auto":[0.025,0.025,0.026,0.026,0.03,0.03,0.024,0.023,0.027,0.027,0.025,0.029,0.022,0.022,0.024,0.024,0.023,0.028,0.028,0.03,0.03,0.026,0.026,0.022,0.023,0.035,0.035,0.024,0.024,0.077,0.077,0.028,0.029,0.027,0.027,0.024,0.023,0.024,0.024,0.023,0.03,0.03,0.034,0.035,0.028,0.028,0.027,0.029,0.063,0.028,0.031,0.033,0.034,0.029,0.025,0.026,0.027,0.026,0.028,0.14,0.139,0.038,0.038,0.027,0.027,0.025,0.025,0.026,0.024,0.08,0.087,0.213,0.213],"period":1.025524961,"amplitude":1.9983967209},"filters":["filt1","filt2"],"mnames":["whole","half","twice","triple"],"multiples":[1,0.5,2.0,3.0]}