{"mag_autocorr_mean":[-0.1646986301,-0.0676986301,0.3093013699,0.5373013699,-0.2366986301,-0.2496986301,-0.3306986301,0.5903013699,-0.2946986301,-0.1216986301,0.6113013699,-0.0886986301,0.1493013699,0.0113013699,0.1943013699,0.3853013699,-0.0796986301,-0.2186986301,-0.2186986301,0.4413013699,0.2573013699,0.3813013699,0.2103013699,0.1453013699,0.0203013699,0.0063013699,0.1223013699,-0.2176986301,-0.2476986301,-0.1176986301,-0.2246986301,-0.2296986301,-0.2526986301,-0.2086986301,-0.1386986301,-0.0466986301,-0.2356986301,-0.2306986301,-0.3226986301,-0.2576986301,0.5283013699,0.5203013699,0.3823013699,0.1843013699,-0.2456986301,-0.2606986301,-0.2826986301,-0.3396986301,0.1393013699,-0.2386986301,-0.1856986301,-0.2216986301,-0.1396986301,-0.3346986301,0.6353013699,-0.2206986301,-0.1586986301,0.6853013699,-0.2796986301,-0.2636986301,-0.2146986301,0.4573013699,0.2433013699,-0.2216986301,-0.1066986301,-0.1976986301,-0.2266986301,-0.3516986301,0.5493013699,-0.2676986301,-0.2596986301,0.4303013699,0.6933013699],"magerr_auto":[0.025,0.025,0.026,0.026,0.03,0.03,0.024,0.023,0.027,0.027,0.025,0.029,0.022,0.022,0.024,0.024,0.023,0.028,0.028,0.03,0.03,0.026,0.026,0.022,0.023,0.035,0.035,0.024,0.024,0.077,0.077,0.028,0.029,0.027,0.027,0.024,0.023,0.024,0.024,0.023,0.03,0.03,0.034,0.035,0.028,0.028,0.027,0.029,0.063,0.028,0.031,0.033,0.034,0.029,0.025,0.026,0.027,0.026,0.028,0.14,0.139,0.038,0.038,0.027,0.027,0.025,0.025,0.026,0.024,0.08,0.087,0.213,0.213],"obsmjd":[47.87527,47.83156,73.8216,73.77808,1502.79352,1502.82935,44.79089,44.83522,1503.78754,1503.83088,1504.78572,1504.99654,1506.78147,1506.8256,1505.83028,1505.785,1507.77968,1508.77875,1508.82125,1511.83665,1511.87571,1512.77694,1512.81908,1513.77063,1513.8128,1534.78937,1534.7542,1522.7566,1522.84504,385.80434,385.85972,69.85587,69.8999,34.85444,34.80572,1514.76926,1515.81047,1516.82807,1516.86343,1517.8068,1518.76794,1518.81689,1519.76653,1519.81156,1523.75481,1523.79467,1531.757,1531.78435,1533.81687,315.02111,314.97538,342.97937,342.93551,345.91919,345.96452,371.87221,371.82777,37.85194,37.80793,7.81515,7.85837,16.92031,16.96338,13.86545,13.82154,19.92215,19.96508,30.79588,30.84908,0.00206,0.0,10.86543,10.82207],"period":0.4661477096}